"filename", "language", "JavaScript", "PHP", "CSS", "SCSS", "XML", "JSON", "Markdown", "YAML", "comment", "blank", "total"
"c:\xampp\htdocs\Projet_fin_d_etude\.styleci.yml", "YAML", 0, 0, 0, 0, 0, 0, 0, 12, 0, 1, 13
"c:\xampp\htdocs\Projet_fin_d_etude\README.md", "Markdown", 0, 0, 0, 0, 0, 0, 44, 0, 0, 21, 65
"c:\xampp\htdocs\Projet_fin_d_etude\app\Console\Kernel.php", "PHP", 0, 15, 0, 0, 0, 0, 0, 0, 12, 6, 33
"c:\xampp\htdocs\Projet_fin_d_etude\app\Exceptions\Handler.php", "PHP", 0, 19, 0, 0, 0, 0, 0, 0, 17, 6, 42
"c:\xampp\htdocs\Projet_fin_d_etude\app\Http\Controllers\Auth\ConfirmPasswordController.php", "PHP", 0, 14, 0, 0, 0, 0, 0, 0, 20, 7, 41
"c:\xampp\htdocs\Projet_fin_d_etude\app\Http\Controllers\Auth\ForgotPasswordController.php", "PHP", 0, 8, 0, 0, 0, 0, 0, 0, 10, 5, 23
"c:\xampp\htdocs\Projet_fin_d_etude\app\Http\Controllers\Auth\LoginController.php", "PHP", 0, 14, 0, 0, 0, 0, 0, 0, 20, 7, 41
"c:\xampp\htdocs\Projet_fin_d_etude\app\Http\Controllers\Auth\RegisterController.php", "PHP", 0, 33, 0, 0, 0, 0, 0, 0, 32, 9, 74
"c:\xampp\htdocs\Projet_fin_d_etude\app\Http\Controllers\Auth\ResetPasswordController.php", "PHP", 0, 10, 0, 0, 0, 0, 0, 0, 15, 6, 31
"c:\xampp\htdocs\Projet_fin_d_etude\app\Http\Controllers\Auth\VerificationController.php", "PHP", 0, 16, 0, 0, 0, 0, 0, 0, 20, 7, 43
"c:\xampp\htdocs\Projet_fin_d_etude\app\Http\Controllers\Controller.php", "PHP", 0, 10, 0, 0, 0, 0, 0, 0, 0, 4, 14
"c:\xampp\htdocs\Projet_fin_d_etude\app\Http\Controllers\HomeController.php", "PHP", 0, 14, 0, 0, 0, 0, 0, 0, 10, 5, 29
"c:\xampp\htdocs\Projet_fin_d_etude\app\Http\Kernel.php", "PHP", 0, 40, 0, 0, 0, 0, 0, 0, 21, 7, 68
"c:\xampp\htdocs\Projet_fin_d_etude\app\Http\Livewire\Auth\Authentification.php", "PHP", 0, 20, 0, 0, 0, 0, 0, 0, 0, 8, 28
"c:\xampp\htdocs\Projet_fin_d_etude\app\Http\Livewire\Auth\Login.php", "PHP", 0, 33, 0, 0, 0, 0, 0, 0, 0, 10, 43
"c:\xampp\htdocs\Projet_fin_d_etude\app\Http\Livewire\Auth\Register.php", "PHP", 0, 77, 0, 0, 0, 0, 0, 0, 0, 17, 94
"c:\xampp\htdocs\Projet_fin_d_etude\app\Http\Livewire\Elearning\Elearning.php", "PHP", 0, 20, 0, 0, 0, 0, 0, 0, 0, 6, 26
"c:\xampp\htdocs\Projet_fin_d_etude\app\Http\Livewire\Elearning\Enseignants\Index.php", "PHP", 0, 28, 0, 0, 0, 0, 0, 0, 0, 9, 37
"c:\xampp\htdocs\Projet_fin_d_etude\app\Http\Livewire\Elearning\Etudiants\Index.php", "PHP", 0, 18, 0, 0, 0, 0, 0, 0, 0, 5, 23
"c:\xampp\htdocs\Projet_fin_d_etude\app\Http\Livewire\Elearning\Modules\Category.php", "PHP", 0, 59, 0, 0, 0, 0, 0, 0, 0, 15, 74
"c:\xampp\htdocs\Projet_fin_d_etude\app\Http\Livewire\Elearning\Modules\Create.php", "PHP", 0, 57, 0, 0, 0, 0, 0, 0, 0, 11, 68
"c:\xampp\htdocs\Projet_fin_d_etude\app\Http\Livewire\Elearning\Modules\CreateCategory.php", "PHP", 0, 33, 0, 0, 0, 0, 0, 0, 0, 9, 42
"c:\xampp\htdocs\Projet_fin_d_etude\app\Http\Livewire\Elearning\Modules\CreateDocument.php", "PHP", 0, 38, 0, 0, 0, 0, 0, 0, 0, 10, 48
"c:\xampp\htdocs\Projet_fin_d_etude\app\Http\Livewire\Elearning\Modules\Index.php", "PHP", 0, 91, 0, 0, 0, 0, 0, 0, 1, 16, 108
"c:\xampp\htdocs\Projet_fin_d_etude\app\Http\Livewire\Elearning\Modules\IndexDocument.php", "PHP", 0, 56, 0, 0, 0, 0, 0, 0, 0, 13, 69
"c:\xampp\htdocs\Projet_fin_d_etude\app\Http\Livewire\Elearning\Modules\InscrirModule.php", "PHP", 0, 45, 0, 0, 0, 0, 0, 0, 0, 8, 53
"c:\xampp\htdocs\Projet_fin_d_etude\app\Http\Livewire\Elearning\Modules\ModulesInscrit.php", "PHP", 0, 21, 0, 0, 0, 0, 0, 0, 0, 8, 29
"c:\xampp\htdocs\Projet_fin_d_etude\app\Http\Livewire\Elearning\Modules\Notes\CreateOrUpdate.php", "PHP", 0, 112, 0, 0, 0, 0, 0, 0, 4, 14, 130
"c:\xampp\htdocs\Projet_fin_d_etude\app\Http\Livewire\Elearning\Modules\Notes\Remplir.php", "PHP", 0, 53, 0, 0, 0, 0, 0, 0, 1, 13, 67
"c:\xampp\htdocs\Projet_fin_d_etude\app\Http\Livewire\Elearning\Modules\Notes\Table.php", "PHP", 0, 58, 0, 0, 0, 0, 0, 0, 0, 10, 68
"c:\xampp\htdocs\Projet_fin_d_etude\app\Http\Livewire\Elearning\Modules\Questions\Create.php", "PHP", 0, 43, 0, 0, 0, 0, 0, 0, 0, 10, 53
"c:\xampp\htdocs\Projet_fin_d_etude\app\Http\Livewire\Elearning\Modules\Questions\Delete.php", "PHP", 0, 22, 0, 0, 0, 0, 0, 0, 0, 6, 28
"c:\xampp\htdocs\Projet_fin_d_etude\app\Http\Livewire\Elearning\Modules\Questions\Index.php", "PHP", 0, 22, 0, 0, 0, 0, 0, 0, 0, 6, 28
"c:\xampp\htdocs\Projet_fin_d_etude\app\Http\Livewire\Elearning\Modules\Questions\IndexAll.php", "PHP", 0, 60, 0, 0, 0, 0, 0, 0, 0, 10, 70
"c:\xampp\htdocs\Projet_fin_d_etude\app\Http\Livewire\Elearning\Modules\Questions\Like.php", "PHP", 0, 40, 0, 0, 0, 0, 0, 0, 0, 8, 48
"c:\xampp\htdocs\Projet_fin_d_etude\app\Http\Livewire\Elearning\Modules\Questions\Reponses\Create.php", "PHP", 0, 34, 0, 0, 0, 0, 0, 0, 0, 8, 42
"c:\xampp\htdocs\Projet_fin_d_etude\app\Http\Livewire\Elearning\Modules\Questions\Reponses\Index.php", "PHP", 0, 30, 0, 0, 0, 0, 0, 0, 0, 8, 38
"c:\xampp\htdocs\Projet_fin_d_etude\app\Http\Livewire\Elearning\Modules\Show.php", "PHP", 0, 51, 0, 0, 0, 0, 0, 0, 0, 9, 60
"c:\xampp\htdocs\Projet_fin_d_etude\app\Http\Livewire\Enseignants\Create.php", "PHP", 0, 65, 0, 0, 0, 0, 0, 0, 0, 11, 76
"c:\xampp\htdocs\Projet_fin_d_etude\app\Http\Livewire\Enseignants\Index.php", "PHP", 0, 123, 0, 0, 0, 0, 0, 0, 6, 22, 151
"c:\xampp\htdocs\Projet_fin_d_etude\app\Http\Livewire\Home.php", "PHP", 0, 28, 0, 0, 0, 0, 0, 0, 0, 7, 35
"c:\xampp\htdocs\Projet_fin_d_etude\app\Http\Livewire\Inscription.php", "PHP", 0, 120, 0, 0, 0, 0, 0, 0, 6, 18, 144
"c:\xampp\htdocs\Projet_fin_d_etude\app\Http\Livewire\Moderator\Reports.php", "PHP", 0, 55, 0, 0, 0, 0, 0, 0, 0, 9, 64
"c:\xampp\htdocs\Projet_fin_d_etude\app\Http\Livewire\Moderator\Suspendre.php", "PHP", 0, 22, 0, 0, 0, 0, 0, 0, 0, 6, 28
"c:\xampp\htdocs\Projet_fin_d_etude\app\Http\Livewire\Moderator\UserCard.php", "PHP", 0, 16, 0, 0, 0, 0, 0, 0, 0, 5, 21
"c:\xampp\htdocs\Projet_fin_d_etude\app\Http\Livewire\Parts\Nav.php", "PHP", 0, 23, 0, 0, 0, 0, 0, 0, 0, 8, 31
"c:\xampp\htdocs\Projet_fin_d_etude\app\Http\Livewire\Posts\Comment.php", "PHP", 0, 53, 0, 0, 0, 0, 0, 0, 0, 12, 65
"c:\xampp\htdocs\Projet_fin_d_etude\app\Http\Livewire\Posts\CreateComment.php", "PHP", 0, 49, 0, 0, 0, 0, 0, 0, 0, 11, 60
"c:\xampp\htdocs\Projet_fin_d_etude\app\Http\Livewire\Posts\CreatePost.php", "PHP", 0, 55, 0, 0, 0, 0, 0, 0, 0, 16, 71
"c:\xampp\htdocs\Projet_fin_d_etude\app\Http\Livewire\Posts\DeletePost.php", "PHP", 0, 31, 0, 0, 0, 0, 0, 0, 0, 7, 38
"c:\xampp\htdocs\Projet_fin_d_etude\app\Http\Livewire\Posts\IndexPost.php", "PHP", 0, 16, 0, 0, 0, 0, 0, 0, 0, 5, 21
"c:\xampp\htdocs\Projet_fin_d_etude\app\Http\Livewire\Posts\IndexPosts.php", "PHP", 0, 93, 0, 0, 0, 0, 0, 0, 7, 8, 108
"c:\xampp\htdocs\Projet_fin_d_etude\app\Http\Livewire\Posts\IndexUserPosts.php", "PHP", 0, 33, 0, 0, 0, 0, 0, 0, 0, 6, 39
"c:\xampp\htdocs\Projet_fin_d_etude\app\Http\Livewire\Posts\Like.php", "PHP", 0, 43, 0, 0, 0, 0, 0, 0, 0, 7, 50
"c:\xampp\htdocs\Projet_fin_d_etude\app\Http\Livewire\Posts\LikeComment.php", "PHP", 0, 40, 0, 0, 0, 0, 0, 0, 0, 6, 46
"c:\xampp\htdocs\Projet_fin_d_etude\app\Http\Livewire\Posts\ReportPost.php", "PHP", 0, 34, 0, 0, 0, 0, 0, 0, 0, 7, 41
"c:\xampp\htdocs\Projet_fin_d_etude\app\Http\Livewire\Posts\SharePost.php", "PHP", 0, 20, 0, 0, 0, 0, 0, 0, 0, 5, 25
"c:\xampp\htdocs\Projet_fin_d_etude\app\Http\Livewire\Posts\ShowPost.php", "PHP", 0, 26, 0, 0, 0, 0, 0, 0, 0, 6, 32
"c:\xampp\htdocs\Projet_fin_d_etude\app\Http\Livewire\Profile\CreateDocument.php", "PHP", 0, 43, 0, 0, 0, 0, 0, 0, 0, 9, 52
"c:\xampp\htdocs\Projet_fin_d_etude\app\Http\Livewire\Profile\Documents.php", "PHP", 0, 38, 0, 0, 0, 0, 0, 0, 0, 10, 48
"c:\xampp\htdocs\Projet_fin_d_etude\app\Http\Livewire\Profile\FollowUser.php", "PHP", 0, 37, 0, 0, 0, 0, 0, 0, 2, 7, 46
"c:\xampp\htdocs\Projet_fin_d_etude\app\Http\Livewire\Profile\IndexProfile.php", "PHP", 0, 101, 0, 0, 0, 0, 0, 0, 3, 20, 124
"c:\xampp\htdocs\Projet_fin_d_etude\app\Http\Livewire\Profile\ReportProfile.php", "PHP", 0, 34, 0, 0, 0, 0, 0, 0, 0, 7, 41
"c:\xampp\htdocs\Projet_fin_d_etude\app\Http\Livewire\Users\Follow.php", "PHP", 0, 42, 0, 0, 0, 0, 0, 0, 2, 14, 58
"c:\xampp\htdocs\Projet_fin_d_etude\app\Http\Livewire\Users\Search.php", "PHP", 0, 27, 0, 0, 0, 0, 0, 0, 0, 9, 36
"c:\xampp\htdocs\Projet_fin_d_etude\app\Http\Middleware\Authenticate.php", "PHP", 0, 12, 0, 0, 0, 0, 0, 0, 6, 4, 22
"c:\xampp\htdocs\Projet_fin_d_etude\app\Http\Middleware\EncryptCookies.php", "PHP", 0, 8, 0, 0, 0, 0, 0, 0, 6, 4, 18
"c:\xampp\htdocs\Projet_fin_d_etude\app\Http\Middleware\PreventRequestsDuringMaintenance.php", "PHP", 0, 8, 0, 0, 0, 0, 0, 0, 6, 4, 18
"c:\xampp\htdocs\Projet_fin_d_etude\app\Http\Middleware\RedirectIfAuthenticated.php", "PHP", 0, 19, 0, 0, 0, 0, 0, 0, 8, 6, 33
"c:\xampp\htdocs\Projet_fin_d_etude\app\Http\Middleware\TrimStrings.php", "PHP", 0, 11, 0, 0, 0, 0, 0, 0, 5, 4, 20
"c:\xampp\htdocs\Projet_fin_d_etude\app\Http\Middleware\TrustHosts.php", "PHP", 0, 12, 0, 0, 0, 0, 0, 0, 5, 4, 21
"c:\xampp\htdocs\Projet_fin_d_etude\app\Http\Middleware\TrustProxies.php", "PHP", 0, 14, 0, 0, 0, 0, 0, 0, 10, 5, 29
"c:\xampp\htdocs\Projet_fin_d_etude\app\Http\Middleware\VerifyCsrfToken.php", "PHP", 0, 8, 0, 0, 0, 0, 0, 0, 6, 4, 18
"c:\xampp\htdocs\Projet_fin_d_etude\app\Models\CommentLike.php", "PHP", 0, 14, 0, 0, 0, 0, 0, 0, 0, 5, 19
"c:\xampp\htdocs\Projet_fin_d_etude\app\Models\Follow.php", "PHP", 0, 10, 0, 0, 0, 0, 0, 0, 0, 5, 15
"c:\xampp\htdocs\Projet_fin_d_etude\app\Models\Post.php", "PHP", 0, 26, 0, 0, 0, 0, 0, 0, 0, 9, 35
"c:\xampp\htdocs\Projet_fin_d_etude\app\Models\PostComment.php", "PHP", 0, 22, 0, 0, 0, 0, 0, 0, 0, 7, 29
"c:\xampp\htdocs\Projet_fin_d_etude\app\Models\PostLike.php", "PHP", 0, 14, 0, 0, 0, 0, 0, 0, 0, 5, 19
"c:\xampp\htdocs\Projet_fin_d_etude\app\Models\PostReport.php", "PHP", 0, 14, 0, 0, 0, 0, 0, 0, 0, 5, 19
"c:\xampp\htdocs\Projet_fin_d_etude\app\Models\ProfileReport.php", "PHP", 0, 14, 0, 0, 0, 0, 0, 0, 0, 5, 19
"c:\xampp\htdocs\Projet_fin_d_etude\app\Models\User.php", "PHP", 0, 67, 0, 0, 0, 0, 0, 0, 0, 15, 82
"c:\xampp\htdocs\Projet_fin_d_etude\app\Models\UserDocument.php", "PHP", 0, 14, 0, 0, 0, 0, 0, 0, 0, 5, 19
"c:\xampp\htdocs\Projet_fin_d_etude\app\Models\elearning\CategoryDocument.php", "PHP", 0, 14, 0, 0, 0, 0, 0, 0, 0, 5, 19
"c:\xampp\htdocs\Projet_fin_d_etude\app\Models\elearning\EtudientModule.php", "PHP", 0, 10, 0, 0, 0, 0, 0, 0, 0, 5, 15
"c:\xampp\htdocs\Projet_fin_d_etude\app\Models\elearning\Module.php", "PHP", 0, 27, 0, 0, 0, 0, 0, 0, 0, 8, 35
"c:\xampp\htdocs\Projet_fin_d_etude\app\Models\elearning\ModuleCategory.php", "PHP", 0, 18, 0, 0, 0, 0, 0, 0, 0, 6, 24
"c:\xampp\htdocs\Projet_fin_d_etude\app\Models\elearning\ModuleQuestion.php", "PHP", 0, 27, 0, 0, 0, 0, 0, 0, 0, 7, 34
"c:\xampp\htdocs\Projet_fin_d_etude\app\Models\elearning\QuestionReaction.php", "PHP", 0, 10, 0, 0, 0, 0, 0, 0, 0, 5, 15
"c:\xampp\htdocs\Projet_fin_d_etude\app\Models\elearning\QuestionReponse.php", "PHP", 0, 14, 0, 0, 0, 0, 0, 0, 0, 6, 20
"c:\xampp\htdocs\Projet_fin_d_etude\app\Providers\AppServiceProvider.php", "PHP", 0, 12, 0, 0, 0, 0, 0, 0, 12, 5, 29
"c:\xampp\htdocs\Projet_fin_d_etude\app\Providers\AuthServiceProvider.php", "PHP", 0, 13, 0, 0, 0, 0, 0, 0, 12, 6, 31
"c:\xampp\htdocs\Projet_fin_d_etude\app\Providers\BroadcastServiceProvider.php", "PHP", 0, 12, 0, 0, 0, 0, 0, 0, 5, 5, 22
"c:\xampp\htdocs\Projet_fin_d_etude\app\Providers\EventServiceProvider.php", "PHP", 0, 21, 0, 0, 0, 0, 0, 0, 16, 6, 43
"c:\xampp\htdocs\Projet_fin_d_etude\app\Providers\RouteServiceProvider.php", "PHP", 0, 28, 0, 0, 0, 0, 0, 0, 17, 8, 53
"c:\xampp\htdocs\Projet_fin_d_etude\bootstrap\app.php", "PHP", 0, 17, 0, 0, 0, 0, 0, 0, 30, 9, 56
"c:\xampp\htdocs\Projet_fin_d_etude\composer.json", "JSON", 0, 0, 0, 0, 0, 64, 0, 0, 0, 1, 65
"c:\xampp\htdocs\Projet_fin_d_etude\composer.lock", "JSON", 0, 0, 0, 0, 0, 7950, 0, 0, 0, 1, 7951
"c:\xampp\htdocs\Projet_fin_d_etude\config\app.php", "PHP", 0, 45, 0, 0, 0, 0, 0, 0, 121, 32, 198
"c:\xampp\htdocs\Projet_fin_d_etude\config\auth.php", "PHP", 0, 28, 0, 0, 0, 0, 0, 0, 70, 14, 112
"c:\xampp\htdocs\Projet_fin_d_etude\config\broadcasting.php", "PHP", 0, 32, 0, 0, 0, 0, 0, 0, 23, 13, 68
"c:\xampp\htdocs\Projet_fin_d_etude\config\cache.php", "PHP", 0, 58, 0, 0, 0, 0, 0, 0, 34, 19, 111
"c:\xampp\htdocs\Projet_fin_d_etude\config\cors.php", "PHP", 0, 3, 0, 0, 0, 0, 0, 0, 29, 3, 35
"c:\xampp\htdocs\Projet_fin_d_etude\config\database.php", "PHP", 0, 83, 0, 0, 0, 0, 0, 0, 45, 22, 150
"c:\xampp\htdocs\Projet_fin_d_etude\config\filesystems.php", "PHP", 0, 32, 0, 0, 0, 0, 0, 0, 32, 13, 77
"c:\xampp\htdocs\Projet_fin_d_etude\config\hashing.php", "PHP", 0, 12, 0, 0, 0, 0, 0, 0, 32, 9, 53
"c:\xampp\htdocs\Projet_fin_d_etude\config\logging.php", "PHP", 0, 67, 0, 0, 0, 0, 0, 0, 34, 19, 120
"c:\xampp\htdocs\Projet_fin_d_etude\config\mail.php", "PHP", 0, 52, 0, 0, 0, 0, 0, 0, 47, 19, 118
"c:\xampp\htdocs\Projet_fin_d_etude\config\queue.php", "PHP", 0, 47, 0, 0, 0, 0, 0, 0, 32, 15, 94
"c:\xampp\htdocs\Projet_fin_d_etude\config\sanctum.php", "PHP", 0, 15, 0, 0, 0, 0, 0, 0, 41, 12, 68
"c:\xampp\htdocs\Projet_fin_d_etude\config\services.php", "PHP", 0, 17, 0, 0, 0, 0, 0, 0, 11, 7, 35
"c:\xampp\htdocs\Projet_fin_d_etude\config\session.php", "PHP", 0, 22, 0, 0, 0, 0, 0, 0, 147, 33, 202
"c:\xampp\htdocs\Projet_fin_d_etude\config\view.php", "PHP", 0, 10, 0, 0, 0, 0, 0, 0, 20, 7, 37
"c:\xampp\htdocs\Projet_fin_d_etude\database\factories\PostFactory.php", "PHP", 0, 14, 0, 0, 0, 0, 0, 0, 8, 4, 26
"c:\xampp\htdocs\Projet_fin_d_etude\database\factories\UserFactory.php", "PHP", 0, 33, 0, 0, 0, 0, 0, 0, 27, 5, 65
"c:\xampp\htdocs\Projet_fin_d_etude\database\migrations\2014_10_12_000000_create_users_table.php", "PHP", 0, 30, 0, 0, 0, 0, 0, 0, 10, 4, 44
"c:\xampp\htdocs\Projet_fin_d_etude\database\migrations\2014_10_12_100000_create_password_resets_table.php", "PHP", 0, 19, 0, 0, 0, 0, 0, 0, 10, 4, 33
"c:\xampp\htdocs\Projet_fin_d_etude\database\migrations\2019_08_19_000000_create_failed_jobs_table.php", "PHP", 0, 23, 0, 0, 0, 0, 0, 0, 10, 4, 37
"c:\xampp\htdocs\Projet_fin_d_etude\database\migrations\2019_12_14_000001_create_personal_access_tokens_table.php", "PHP", 0, 23, 0, 0, 0, 0, 0, 0, 10, 4, 37
"c:\xampp\htdocs\Projet_fin_d_etude\database\migrations\2022_03_31_150630_create_posts_table.php", "PHP", 0, 23, 0, 0, 0, 0, 0, 0, 10, 4, 37
"c:\xampp\htdocs\Projet_fin_d_etude\database\migrations\2022_04_05_145109_create_follows_table.php", "PHP", 0, 24, 0, 0, 0, 0, 0, 0, 10, 4, 38
"c:\xampp\htdocs\Projet_fin_d_etude\database\migrations\2022_04_06_173911_create_post_likes_table.php", "PHP", 0, 24, 0, 0, 0, 0, 0, 0, 10, 4, 38
"c:\xampp\htdocs\Projet_fin_d_etude\database\migrations\2022_04_06_194227_create_post_comments_table.php", "PHP", 0, 25, 0, 0, 0, 0, 0, 0, 10, 4, 39
"c:\xampp\htdocs\Projet_fin_d_etude\database\migrations\2022_04_08_120915_create_post_reports_table.php", "PHP", 0, 24, 0, 0, 0, 0, 0, 0, 10, 4, 38
"c:\xampp\htdocs\Projet_fin_d_etude\database\migrations\2022_04_08_133827_create_profile_reports_table.php", "PHP", 0, 24, 0, 0, 0, 0, 0, 0, 10, 4, 38
"c:\xampp\htdocs\Projet_fin_d_etude\database\migrations\2022_04_08_152438_create_comment_likes_table.php", "PHP", 0, 24, 0, 0, 0, 0, 0, 0, 10, 4, 38
"c:\xampp\htdocs\Projet_fin_d_etude\database\migrations\2022_04_09_195158_create_user_documents_table.php", "PHP", 0, 23, 0, 0, 0, 0, 0, 0, 10, 4, 37
"c:\xampp\htdocs\Projet_fin_d_etude\database\migrations\2022_04_17_222805_create_modules_table.php", "PHP", 0, 28, 0, 0, 0, 0, 0, 0, 10, 4, 42
"c:\xampp\htdocs\Projet_fin_d_etude\database\migrations\2022_04_21_003445_create_module_categories_table.php", "PHP", 0, 22, 0, 0, 0, 0, 0, 0, 10, 4, 36
"c:\xampp\htdocs\Projet_fin_d_etude\database\migrations\2022_04_21_231543_create_category_documents_table.php", "PHP", 0, 23, 0, 0, 0, 0, 0, 0, 10, 4, 37
"c:\xampp\htdocs\Projet_fin_d_etude\database\migrations\2022_04_23_000254_create_etudient_modules_table.php", "PHP", 0, 27, 0, 0, 0, 0, 0, 0, 10, 4, 41
"c:\xampp\htdocs\Projet_fin_d_etude\database\migrations\2022_04_23_153523_create_module_questions_table.php", "PHP", 0, 25, 0, 0, 0, 0, 0, 0, 10, 4, 39
"c:\xampp\htdocs\Projet_fin_d_etude\database\migrations\2022_04_25_140542_create_question_reactions_table.php", "PHP", 0, 24, 0, 0, 0, 0, 0, 0, 10, 4, 38
"c:\xampp\htdocs\Projet_fin_d_etude\database\migrations\2022_04_30_163535_create_question_reponses_table.php", "PHP", 0, 22, 0, 0, 0, 0, 0, 0, 10, 4, 36
"c:\xampp\htdocs\Projet_fin_d_etude\database\seeders\DatabaseSeeder.php", "PHP", 0, 11, 0, 0, 0, 0, 0, 0, 5, 4, 20
"c:\xampp\htdocs\Projet_fin_d_etude\lang\en.json", "JSON", 0, 0, 0, 0, 0, 7, 0, 0, 0, 1, 8
"c:\xampp\htdocs\Projet_fin_d_etude\lang\en\auth.php", "PHP", 0, 6, 0, 0, 0, 0, 0, 0, 10, 5, 21
"c:\xampp\htdocs\Projet_fin_d_etude\lang\en\pagination.php", "PHP", 0, 5, 0, 0, 0, 0, 0, 0, 10, 5, 20
"c:\xampp\htdocs\Projet_fin_d_etude\lang\en\passwords.php", "PHP", 0, 8, 0, 0, 0, 0, 0, 0, 10, 5, 23
"c:\xampp\htdocs\Projet_fin_d_etude\lang\en\validation.php", "PHP", 0, 124, 0, 0, 0, 0, 0, 0, 30, 9, 163
"c:\xampp\htdocs\Projet_fin_d_etude\lang\fr.json", "JSON", 0, 0, 0, 0, 0, 725, 0, 0, 0, 1, 726
"c:\xampp\htdocs\Projet_fin_d_etude\lang\fr\auth.php", "PHP", 0, 6, 0, 0, 0, 0, 0, 0, 10, 3, 19
"c:\xampp\htdocs\Projet_fin_d_etude\lang\fr\pagination.php", "PHP", 0, 5, 0, 0, 0, 0, 0, 0, 10, 3, 18
"c:\xampp\htdocs\Projet_fin_d_etude\lang\fr\passwords.php", "PHP", 0, 8, 0, 0, 0, 0, 0, 0, 10, 3, 21
"c:\xampp\htdocs\Projet_fin_d_etude\lang\fr\validation-inline.php", "PHP", 0, 124, 0, 0, 0, 0, 0, 0, 10, 3, 137
"c:\xampp\htdocs\Projet_fin_d_etude\lang\fr\validation-nova-inline.php", "PHP", 0, 5, 0, 0, 0, 0, 0, 0, 10, 3, 18
"c:\xampp\htdocs\Projet_fin_d_etude\lang\fr\validation-nova.php", "PHP", 0, 5, 0, 0, 0, 0, 0, 0, 10, 3, 18
"c:\xampp\htdocs\Projet_fin_d_etude\lang\fr\validation.php", "PHP", 0, 124, 0, 0, 0, 0, 0, 0, 10, 3, 137
"c:\xampp\htdocs\Projet_fin_d_etude\package-lock.json", "JSON", 0, 0, 0, 0, 0, 16348, 0, 0, 0, 1, 16349
"c:\xampp\htdocs\Projet_fin_d_etude\package.json", "JSON", 0, 0, 0, 0, 0, 23, 0, 0, 0, 1, 24
"c:\xampp\htdocs\Projet_fin_d_etude\phpunit.xml", "XML", 0, 0, 0, 0, 29, 0, 0, 0, 2, 1, 32
"c:\xampp\htdocs\Projet_fin_d_etude\public\css\app.css", "CSS", 0, 0, 2742, 0, 0, 0, 0, 0, 4, 62, 2808
"c:\xampp\htdocs\Projet_fin_d_etude\public\index.php", "PHP", 0, 14, 0, 0, 0, 0, 0, 0, 30, 12, 56
"c:\xampp\htdocs\Projet_fin_d_etude\public\js\app.js", "JavaScript", 613, 0, 0, 0, 0, 0, 0, 0, 315, 279, 1207
"c:\xampp\htdocs\Projet_fin_d_etude\public\mix-manifest.json", "JSON", 0, 0, 0, 0, 0, 4, 0, 0, 0, 1, 5
"c:\xampp\htdocs\Projet_fin_d_etude\resources\css\app.css", "CSS", 0, 0, 0, 0, 0, 0, 0, 0, 0, 1, 1
"c:\xampp\htdocs\Projet_fin_d_etude\resources\js\app.js", "JavaScript", 7, 0, 0, 0, 0, 0, 0, 0, 1, 3, 11
"c:\xampp\htdocs\Projet_fin_d_etude\resources\js\bootstrap.js", "JavaScript", 6, 0, 0, 0, 0, 0, 0, 0, 18, 9, 33
"c:\xampp\htdocs\Projet_fin_d_etude\resources\sass\_toggle-nav.scss", "SCSS", 0, 0, 0, 55, 0, 0, 0, 0, 0, 3, 58
"c:\xampp\htdocs\Projet_fin_d_etude\resources\sass\_utilities.scss", "SCSS", 0, 0, 0, 55, 0, 0, 0, 0, 0, 8, 63
"c:\xampp\htdocs\Projet_fin_d_etude\resources\sass\_variables.scss", "SCSS", 0, 0, 0, 6, 0, 0, 0, 0, 2, 5, 13
"c:\xampp\htdocs\Projet_fin_d_etude\resources\sass\app.scss", "SCSS", 0, 0, 0, 6, 0, 0, 0, 0, 0, 1, 7
"c:\xampp\htdocs\Projet_fin_d_etude\resources\sass\component\_authentification.scss", "SCSS", 0, 0, 0, 105, 0, 0, 0, 0, 0, 1, 106
"c:\xampp\htdocs\Projet_fin_d_etude\resources\sass\component\_component.scss", "SCSS", 0, 0, 0, 12, 0, 0, 0, 0, 0, 2, 14
"c:\xampp\htdocs\Projet_fin_d_etude\resources\sass\component\_follow.scss", "SCSS", 0, 0, 0, 47, 0, 0, 0, 0, 0, 1, 48
"c:\xampp\htdocs\Projet_fin_d_etude\resources\sass\component\_inscription.scss", "SCSS", 0, 0, 0, 93, 0, 0, 0, 0, 0, 3, 96
"c:\xampp\htdocs\Projet_fin_d_etude\resources\sass\component\_nav.scss", "SCSS", 0, 0, 0, 130, 0, 0, 0, 0, 0, 1, 131
"c:\xampp\htdocs\Projet_fin_d_etude\resources\sass\component\_reports.scss", "SCSS", 0, 0, 0, 91, 0, 0, 0, 0, 0, 2, 93
"c:\xampp\htdocs\Projet_fin_d_etude\resources\sass\component\_search-card.scss", "SCSS", 0, 0, 0, 101, 0, 0, 0, 0, 0, 1, 102
"c:\xampp\htdocs\Projet_fin_d_etude\resources\sass\component\elearning\_create-module.scss", "SCSS", 0, 0, 0, 95, 0, 0, 0, 0, 0, 1, 96
"c:\xampp\htdocs\Projet_fin_d_etude\resources\sass\component\elearning\_create-note.scss", "SCSS", 0, 0, 0, 46, 0, 0, 0, 0, 0, 2, 48
"c:\xampp\htdocs\Projet_fin_d_etude\resources\sass\component\elearning\_elearning.scss", "SCSS", 0, 0, 0, 29, 0, 0, 0, 0, 0, 1, 30
"c:\xampp\htdocs\Projet_fin_d_etude\resources\sass\component\elearning\_module-show.scss", "SCSS", 0, 0, 0, 341, 0, 0, 0, 0, 0, 1, 342
"c:\xampp\htdocs\Projet_fin_d_etude\resources\sass\component\elearning\_module.scss", "SCSS", 0, 0, 0, 191, 0, 0, 0, 0, 0, 1, 192
"c:\xampp\htdocs\Projet_fin_d_etude\resources\sass\component\elearning\_question.scss", "SCSS", 0, 0, 0, 145, 0, 0, 0, 0, 0, 1, 146
"c:\xampp\htdocs\Projet_fin_d_etude\resources\sass\component\elearning\_table-note.scss", "SCSS", 0, 0, 0, 76, 0, 0, 0, 0, 0, 2, 78
"c:\xampp\htdocs\Projet_fin_d_etude\resources\sass\component\enseignants\_create.scss", "SCSS", 0, 0, 0, 90, 0, 0, 0, 0, 0, 1, 91
"c:\xampp\htdocs\Projet_fin_d_etude\resources\sass\component\enseignants\_enseignants.scss", "SCSS", 0, 0, 0, 1, 0, 0, 0, 0, 0, 1, 2
"c:\xampp\htdocs\Projet_fin_d_etude\resources\sass\component\posts\_comments.scss", "SCSS", 0, 0, 0, 175, 0, 0, 0, 0, 0, 1, 176
"c:\xampp\htdocs\Projet_fin_d_etude\resources\sass\component\posts\_new-post.scss", "SCSS", 0, 0, 0, 73, 0, 0, 0, 0, 0, 1, 74
"c:\xampp\htdocs\Projet_fin_d_etude\resources\sass\component\posts\_post.scss", "SCSS", 0, 0, 0, 181, 0, 0, 0, 0, 0, 2, 183
"c:\xampp\htdocs\Projet_fin_d_etude\resources\sass\component\profile\_index-profile.scss", "SCSS", 0, 0, 0, 225, 0, 0, 0, 0, 0, 1, 226
"c:\xampp\htdocs\Projet_fin_d_etude\resources\sass\phone\_follow.scss", "SCSS", 0, 0, 0, 26, 0, 0, 0, 0, 0, 1, 27
"c:\xampp\htdocs\Projet_fin_d_etude\resources\sass\phone\_phone-auth.scss", "SCSS", 0, 0, 0, 5, 0, 0, 0, 0, 0, 1, 6
"c:\xampp\htdocs\Projet_fin_d_etude\resources\sass\phone\_phone-nav.scss", "SCSS", 0, 0, 0, 85, 0, 0, 0, 0, 0, 2, 87
"c:\xampp\htdocs\Projet_fin_d_etude\resources\sass\phone\_phone-posts.scss", "SCSS", 0, 0, 0, 20, 0, 0, 0, 0, 0, 1, 21
"c:\xampp\htdocs\Projet_fin_d_etude\resources\sass\phone\_phone.scss", "SCSS", 0, 0, 0, 49, 0, 0, 0, 0, 0, 1, 50
"c:\xampp\htdocs\Projet_fin_d_etude\resources\sass\phone\_search-card.scss", "SCSS", 0, 0, 0, 10, 0, 0, 0, 0, 0, 1, 11
"c:\xampp\htdocs\Projet_fin_d_etude\resources\sass\phone\elearning\_module.scss", "SCSS", 0, 0, 0, 9, 0, 0, 0, 0, 0, 1, 10
"c:\xampp\htdocs\Projet_fin_d_etude\resources\sass\phone\profile\_phone-index-profile.scss", "SCSS", 0, 0, 0, 9, 0, 0, 0, 0, 0, 1, 10
"c:\xampp\htdocs\Projet_fin_d_etude\resources\sass\resources\_actions.scss", "SCSS", 0, 0, 0, 74, 0, 0, 0, 0, 0, 2, 76
"c:\xampp\htdocs\Projet_fin_d_etude\resources\sass\resources\_alerts.scss", "SCSS", 0, 0, 0, 33, 0, 0, 0, 0, 0, 1, 34
"c:\xampp\htdocs\Projet_fin_d_etude\resources\sass\resources\_button.scss", "SCSS", 0, 0, 0, 46, 0, 0, 0, 0, 0, 1, 47
"c:\xampp\htdocs\Projet_fin_d_etude\resources\sass\resources\_confirm.scss", "SCSS", 0, 0, 0, 33, 0, 0, 0, 0, 0, 1, 34
"c:\xampp\htdocs\Projet_fin_d_etude\resources\sass\resources\_loading.scss", "SCSS", 0, 0, 0, 23, 0, 0, 0, 0, 0, 1, 24
"c:\xampp\htdocs\Projet_fin_d_etude\resources\sass\resources\_messages.scss", "SCSS", 0, 0, 0, 24, 0, 0, 0, 0, 0, 1, 25
"c:\xampp\htdocs\Projet_fin_d_etude\resources\sass\resources\_resources.scss", "SCSS", 0, 0, 0, 6, 0, 0, 0, 0, 0, 6, 12
"c:\xampp\htdocs\Projet_fin_d_etude\resources\views\layouts\app.blade.php", "PHP", 0, 39, 0, 0, 0, 0, 0, 0, 0, 18, 57
"c:\xampp\htdocs\Projet_fin_d_etude\resources\views\livewire\auth\authentification.blade.php", "PHP", 0, 7, 0, 0, 0, 0, 0, 0, 0, 1, 8
"c:\xampp\htdocs\Projet_fin_d_etude\resources\views\livewire\auth\login.blade.php", "PHP", 0, 32, 0, 0, 0, 0, 0, 0, 0, 8, 40
"c:\xampp\htdocs\Projet_fin_d_etude\resources\views\livewire\auth\register.blade.php", "PHP", 0, 99, 0, 0, 0, 0, 0, 0, 0, 17, 116
"c:\xampp\htdocs\Projet_fin_d_etude\resources\views\livewire\elearning\elearning.blade.php", "PHP", 0, 7, 0, 0, 0, 0, 0, 0, 0, 1, 8
"c:\xampp\htdocs\Projet_fin_d_etude\resources\views\livewire\elearning\enseignants\index.blade.php", "PHP", 0, 28, 0, 0, 0, 0, 0, 0, 0, 3, 31
"c:\xampp\htdocs\Projet_fin_d_etude\resources\views\livewire\elearning\etudiants\index.blade.php", "PHP", 0, 15, 0, 0, 0, 0, 0, 0, 0, 4, 19
"c:\xampp\htdocs\Projet_fin_d_etude\resources\views\livewire\elearning\modules\category.blade.php", "PHP", 0, 69, 0, 0, 0, 0, 0, 0, 0, 1, 70
"c:\xampp\htdocs\Projet_fin_d_etude\resources\views\livewire\elearning\modules\create-category.blade.php", "PHP", 0, 14, 0, 0, 0, 0, 0, 0, 0, 1, 15
"c:\xampp\htdocs\Projet_fin_d_etude\resources\views\livewire\elearning\modules\create-document.blade.php", "PHP", 0, 23, 0, 0, 0, 0, 0, 0, 0, 1, 24
"c:\xampp\htdocs\Projet_fin_d_etude\resources\views\livewire\elearning\modules\create.blade.php", "PHP", 0, 106, 0, 0, 0, 0, 0, 0, 0, 9, 115
"c:\xampp\htdocs\Projet_fin_d_etude\resources\views\livewire\elearning\modules\index-document.blade.php", "PHP", 0, 67, 0, 0, 0, 0, 0, 0, 0, 2, 69
"c:\xampp\htdocs\Projet_fin_d_etude\resources\views\livewire\elearning\modules\index.blade.php", "PHP", 0, 157, 0, 0, 0, 0, 0, 0, 0, 13, 170
"c:\xampp\htdocs\Projet_fin_d_etude\resources\views\livewire\elearning\modules\inscrir-module.blade.php", "PHP", 0, 35, 0, 0, 0, 0, 0, 0, 0, 3, 38
"c:\xampp\htdocs\Projet_fin_d_etude\resources\views\livewire\elearning\modules\modules-inscrit.blade.php", "PHP", 0, 12, 0, 0, 0, 0, 0, 0, 0, 1, 13
"c:\xampp\htdocs\Projet_fin_d_etude\resources\views\livewire\elearning\modules\notes\create-or-update.blade.php", "PHP", 0, 53, 0, 0, 0, 0, 0, 0, 0, 1, 54
"c:\xampp\htdocs\Projet_fin_d_etude\resources\views\livewire\elearning\modules\notes\remplir.blade.php", "PHP", 0, 30, 0, 0, 0, 0, 0, 0, 0, 5, 35
"c:\xampp\htdocs\Projet_fin_d_etude\resources\views\livewire\elearning\modules\notes\table-row.blade.php", "PHP", 0, 26, 0, 0, 0, 0, 0, 0, 0, 1, 27
"c:\xampp\htdocs\Projet_fin_d_etude\resources\views\livewire\elearning\modules\notes\table.blade.php", "PHP", 0, 62, 0, 0, 0, 0, 0, 0, 0, 2, 64
"c:\xampp\htdocs\Projet_fin_d_etude\resources\views\livewire\elearning\modules\questions\create.blade.php", "PHP", 0, 23, 0, 0, 0, 0, 0, 0, 0, 1, 24
"c:\xampp\htdocs\Projet_fin_d_etude\resources\views\livewire\elearning\modules\questions\delete.blade.php", "PHP", 0, 5, 0, 0, 0, 0, 0, 0, 0, 1, 6
"c:\xampp\htdocs\Projet_fin_d_etude\resources\views\livewire\elearning\modules\questions\index-all.blade.php", "PHP", 0, 18, 0, 0, 0, 0, 0, 0, 0, 1, 19
"c:\xampp\htdocs\Projet_fin_d_etude\resources\views\livewire\elearning\modules\questions\index.blade.php", "PHP", 0, 29, 0, 0, 0, 0, 0, 0, 0, 8, 37
"c:\xampp\htdocs\Projet_fin_d_etude\resources\views\livewire\elearning\modules\questions\like.blade.php", "PHP", 0, 12, 0, 0, 0, 0, 0, 0, 0, 3, 15
"c:\xampp\htdocs\Projet_fin_d_etude\resources\views\livewire\elearning\modules\questions\reponses\create.blade.php", "PHP", 0, 13, 0, 0, 0, 0, 0, 0, 0, 1, 14
"c:\xampp\htdocs\Projet_fin_d_etude\resources\views\livewire\elearning\modules\questions\reponses\index.blade.php", "PHP", 0, 25, 0, 0, 0, 0, 0, 0, 0, 3, 28
"c:\xampp\htdocs\Projet_fin_d_etude\resources\views\livewire\elearning\modules\show.blade.php", "PHP", 0, 58, 0, 0, 0, 0, 0, 0, 0, 10, 68
"c:\xampp\htdocs\Projet_fin_d_etude\resources\views\livewire\enseignants\create.blade.php", "PHP", 0, 84, 0, 0, 0, 0, 0, 0, 0, 17, 101
"c:\xampp\htdocs\Projet_fin_d_etude\resources\views\livewire\enseignants\index.blade.php", "PHP", 0, 165, 0, 0, 0, 0, 0, 0, 0, 11, 176
"c:\xampp\htdocs\Projet_fin_d_etude\resources\views\livewire\home.blade.php", "PHP", 0, 58, 0, 0, 0, 0, 0, 0, 0, 1, 59
"c:\xampp\htdocs\Projet_fin_d_etude\resources\views\livewire\inscription.blade.php", "PHP", 0, 178, 0, 0, 0, 0, 0, 0, 0, 12, 190
"c:\xampp\htdocs\Projet_fin_d_etude\resources\views\livewire\moderator\reports.blade.php", "PHP", 0, 46, 0, 0, 0, 0, 0, 0, 0, 1, 47
"c:\xampp\htdocs\Projet_fin_d_etude\resources\views\livewire\moderator\suspendre.blade.php", "PHP", 0, 3, 0, 0, 0, 0, 0, 0, 0, 1, 4
"c:\xampp\htdocs\Projet_fin_d_etude\resources\views\livewire\moderator\user-card.blade.php", "PHP", 0, 16, 0, 0, 0, 0, 0, 0, 0, 1, 17
"c:\xampp\htdocs\Projet_fin_d_etude\resources\views\livewire\parts\nav.blade.php", "PHP", 0, 30, 0, 0, 0, 0, 0, 0, 89, 7, 126
"c:\xampp\htdocs\Projet_fin_d_etude\resources\views\livewire\posts\comment.blade.php", "PHP", 0, 55, 0, 0, 0, 0, 0, 0, 0, 5, 60
"c:\xampp\htdocs\Projet_fin_d_etude\resources\views\livewire\posts\create-comment.blade.php", "PHP", 0, 36, 0, 0, 0, 0, 0, 0, 0, 1, 37
"c:\xampp\htdocs\Projet_fin_d_etude\resources\views\livewire\posts\create-post.blade.php", "PHP", 0, 34, 0, 0, 0, 0, 0, 0, 0, 7, 41
"c:\xampp\htdocs\Projet_fin_d_etude\resources\views\livewire\posts\delete-post.blade.php", "PHP", 0, 35, 0, 0, 0, 0, 0, 0, 0, 2, 37
"c:\xampp\htdocs\Projet_fin_d_etude\resources\views\livewire\posts\index-post.blade.php", "PHP", 0, 66, 0, 0, 0, 0, 0, 0, 0, 4, 70
"c:\xampp\htdocs\Projet_fin_d_etude\resources\views\livewire\posts\index-posts.blade.php", "PHP", 0, 18, 0, 0, 0, 0, 0, 0, 0, 5, 23
"c:\xampp\htdocs\Projet_fin_d_etude\resources\views\livewire\posts\index-user-posts.blade.php", "PHP", 0, 18, 0, 0, 0, 0, 0, 0, 0, 6, 24
"c:\xampp\htdocs\Projet_fin_d_etude\resources\views\livewire\posts\like-comment.blade.php", "PHP", 0, 6, 0, 0, 0, 0, 0, 0, 0, 1, 7
"c:\xampp\htdocs\Projet_fin_d_etude\resources\views\livewire\posts\like.blade.php", "PHP", 0, 8, 0, 0, 0, 0, 0, 0, 0, 1, 9
"c:\xampp\htdocs\Projet_fin_d_etude\resources\views\livewire\posts\report-post.blade.php", "PHP", 0, 35, 0, 0, 0, 0, 0, 0, 0, 2, 37
"c:\xampp\htdocs\Projet_fin_d_etude\resources\views\livewire\posts\share-post.blade.php", "PHP", 0, 10, 0, 0, 0, 0, 0, 0, 0, 4, 14
"c:\xampp\htdocs\Projet_fin_d_etude\resources\views\livewire\posts\show-post.blade.php", "PHP", 0, 5, 0, 0, 0, 0, 0, 0, 0, 1, 6
"c:\xampp\htdocs\Projet_fin_d_etude\resources\views\livewire\profile\create-document.blade.php", "PHP", 0, 28, 0, 0, 0, 0, 0, 0, 0, 3, 31
"c:\xampp\htdocs\Projet_fin_d_etude\resources\views\livewire\profile\documents.blade.php", "PHP", 0, 29, 0, 0, 0, 0, 0, 0, 0, 4, 33
"c:\xampp\htdocs\Projet_fin_d_etude\resources\views\livewire\profile\follow-user.blade.php", "PHP", 0, 9, 0, 0, 0, 0, 0, 0, 0, 1, 10
"c:\xampp\htdocs\Projet_fin_d_etude\resources\views\livewire\profile\index-profile.blade.php", "PHP", 0, 124, 0, 0, 0, 0, 0, 0, 0, 14, 138
"c:\xampp\htdocs\Projet_fin_d_etude\resources\views\livewire\profile\report-profile.blade.php", "PHP", 0, 35, 0, 0, 0, 0, 0, 0, 0, 2, 37
"c:\xampp\htdocs\Projet_fin_d_etude\resources\views\livewire\users\follow.blade.php", "PHP", 0, 59, 0, 0, 0, 0, 0, 0, 0, 6, 65
"c:\xampp\htdocs\Projet_fin_d_etude\resources\views\livewire\users\search.blade.php", "PHP", 0, 48, 0, 0, 0, 0, 0, 0, 0, 1, 49
"c:\xampp\htdocs\Projet_fin_d_etude\routes\api.php", "PHP", 0, 6, 0, 0, 0, 0, 0, 0, 10, 4, 20
"c:\xampp\htdocs\Projet_fin_d_etude\routes\channels.php", "PHP", 0, 5, 0, 0, 0, 0, 0, 0, 10, 4, 19
"c:\xampp\htdocs\Projet_fin_d_etude\routes\console.php", "PHP", 0, 6, 0, 0, 0, 0, 0, 0, 10, 4, 20
"c:\xampp\htdocs\Projet_fin_d_etude\routes\web.php", "PHP", 0, 17, 0, 0, 0, 0, 0, 0, 3, 5, 25
"c:\xampp\htdocs\Projet_fin_d_etude\tests\CreatesApplication.php", "PHP", 0, 12, 0, 0, 0, 0, 0, 0, 5, 6, 23
"c:\xampp\htdocs\Projet_fin_d_etude\tests\Feature\ExampleTest.php", "PHP", 0, 12, 0, 0, 0, 0, 0, 0, 5, 5, 22
"c:\xampp\htdocs\Projet_fin_d_etude\tests\TestCase.php", "PHP", 0, 7, 0, 0, 0, 0, 0, 0, 0, 4, 11
"c:\xampp\htdocs\Projet_fin_d_etude\tests\Unit\ExampleTest.php", "PHP", 0, 10, 0, 0, 0, 0, 0, 0, 5, 4, 19
"c:\xampp\htdocs\Projet_fin_d_etude\vendor\spatie\ignition\resources\compiled\ignition.css", "CSS", 0, 0, 1, 0, 0, 0, 0, 0, 2, 0, 3
"c:\xampp\htdocs\Projet_fin_d_etude\vendor\spatie\ignition\resources\compiled\ignition.js", "JavaScript", 1, 0, 0, 0, 0, 0, 0, 0, 0, 1, 2
"c:\xampp\htdocs\Projet_fin_d_etude\webpack.mix.js", "JavaScript", 4, 0, 0, 0, 0, 0, 0, 0, 10, 3, 17
"Total", "-", 631, 6940, 2743, 2821, 29, 25121, 44, 12, 1952, 1865, 42158